feature,mean_abs_shap
cat__thal_3.0,0.07677799598174247
num__ca,0.07569633785120798
cat__cp_4.0,0.07327883195056259
cat__thal_7.0,0.06063485825890412
num__oldpeak,0.044735640017712006
num__thalach,0.032921102638611276
cat__slope_1.0,0.027031475792833874
num__age,0.025036613933643745
cat__exang_0.0,0.023812530399398325
cat__slope_2.0,0.022446402562011636
cat__exang_1.0,0.022265867881449027
cat__sex_1.0,0.02092304985578603
cat__sex_0.0,0.017880172999973337
num__chol,0.015602875485616435
cat__cp_3.0,0.011995310317374665
num__trestbps,0.010849860639402839
cat__restecg_2.0,0.008340319432490128
cat__restecg_0.0,0.00730952076658701
cat__cp_1.0,0.004000138529991528
cat__cp_2.0,0.0029023582567906246
cat__fbs_0.0,0.0012948255173867425
cat__thal_6.0,0.001201827438988704
cat__fbs_1.0,0.0012002482672381519
cat__slope_3.0,0.0007382234371158946
cat__restecg_1.0,7.07914751852282e-05
