model,test_site,n,roc_auc,pr_auc,brier_score,sensitivity_recall,specificity,precision,f1,balanced_accuracy
logistic_regression,hungarian,294,0.8865917302288238,0.8543441358239827,0.1286574143055939,0.5849056603773585,0.9627659574468085,0.8985507246376812,0.7085714285714285,0.7738358089120835
logistic_regression,switzerland,123,0.7369565217391305,0.968069585512847,0.4056907430343549,0.3739130434782609,0.875,0.9772727272727273,0.5408805031446541,0.6244565217391305
logistic_regression,va,200,0.6798262929332808,0.8533115524927732,0.34386809159047926,0.4161073825503356,0.8431372549019608,0.8857142857142857,0.5662100456621004,0.6296223187261482
random_forest,hungarian,294,0.9002910477719791,0.8566703655689635,0.14274491347687918,0.49056603773584906,0.9627659574468085,0.8813559322033898,0.6303030303030303,0.7266659975913288
random_forest,switzerland,123,0.7793478260869566,0.9809005192868665,0.2959624011183387,0.4434782608695652,0.875,0.9807692307692307,0.6107784431137725,0.6592391304347827
random_forest,va,200,0.723253059613107,0.8685476980052658,0.28793696603600094,0.42953020134228187,0.8823529411764706,0.9142857142857143,0.5844748858447488,0.6559415712593762
xgboost,hungarian,294,0.8449417904456041,0.7781353426349552,0.15571695566177368,0.5566037735849056,0.898936170212766,0.7564102564102564,0.6413043478260869,0.7277699718988357
xgboost,switzerland,123,0.7510869565217391,0.9745962496725862,0.4516024589538574,0.3217391304347826,0.875,0.9736842105263158,0.48366013071895425,0.5983695652173913
xgboost,va,200,0.6707461508093171,0.8378125066699882,0.37595492601394653,0.3624161073825503,0.8431372549019608,0.8709677419354839,0.5118483412322274,0.6027766811422556
