model,roc_auc,pr_auc,brier_score,sensitivity_recall,specificity,precision,f1,balanced_accuracy,roc_auc_ci_lower,roc_auc_ci_upper
logistic_regression,0.9610389610389611,0.9469709404047205,0.08686136414914708,0.9285714285714286,0.8484848484848485,0.8387096774193549,0.8813559322033898,0.8885281385281385,0.8982579248708281,0.9989224717278458
svm_rbf,0.9545454545454546,0.9276540469806843,0.08650177228982904,0.9285714285714286,0.8787878787878788,0.8666666666666667,0.896551724137931,0.9036796536796536,0.8835810382146589,0.996774193548387
logistic_regression_l1,0.9534632034632036,0.9335077092958127,0.08723523000118356,0.8928571428571429,0.8181818181818182,0.8064516129032258,0.847457627118644,0.8555194805194806,0.888981207370216,0.9945075757575758
random_forest,0.9523809523809524,0.9429805676182649,0.10506520090191467,0.8571428571428571,0.8484848484848485,0.8275862068965517,0.8421052631578947,0.8528138528138528,0.8949945887445888,0.9901992409867173
lightgbm,0.9469696969696969,0.9453910255788859,0.10942326580633556,0.8928571428571429,0.8787878787878788,0.8620689655172413,0.8771929824561403,0.8858225108225108,0.8822828282828282,0.9881471890063033
xgboost,0.945887445887446,0.9428409031227228,0.11301454156637192,0.8928571428571429,0.8787878787878788,0.8620689655172413,0.8771929824561403,0.8858225108225108,0.8825684731934732,0.9886853448275862
mlp,0.922077922077922,0.9156799147316121,0.14811076464597545,0.8928571428571429,0.8484848484848485,0.8333333333333334,0.8620689655172413,0.8706709956709957,0.8406451093951094,0.9848484848484848
decision_tree,0.8712121212121212,0.8085703133712501,0.13275264038180207,0.8571428571428571,0.8787878787878788,0.8571428571428571,0.8571428571428571,0.8679653679653679,0.7689103535353535,0.9542184892936595
majority_baseline,0.5,0.45901639344262296,0.45901639344262296,0.0,1.0,0.0,0.0,0.5,0.5,0.5
