model,variant,roc_auc,pr_auc,brier_score,sensitivity_recall,specificity,precision,f1,balanced_accuracy,roc_auc_ci_lower,roc_auc_ci_upper
xgboost,default,0.8250581871550928,0.4135486481334962,0.09842551499605179,0.15311004784688995,0.9790859798605732,0.5423728813559322,0.23880597014925373,0.5660980138537316,0.803898383902116,0.8434131564347501
lightgbm,default,0.8242025209492289,0.4094519709917246,0.09872763548939785,0.15789473684210525,0.9783113865220759,0.5409836065573771,0.24444444444444444,0.5681030616820906,0.8023255788596432,0.8427335804228598
mlp,default,0.8238416308710653,0.3989088748351364,0.09945178176987438,0.12200956937799043,0.9860573199070488,0.5862068965517241,0.201980198019802,0.5540334446425196,0.8036893210427184,0.8421086919270303
logistic_regression_l1,default,0.820172504530815,0.402740601362602,0.09987738906290396,0.14114832535885166,0.9806351665375678,0.5412844036697247,0.2239089184060721,0.5608917459482097,0.8008032847982942,0.8388177882405062
logistic_regression,default,0.8201613859661476,0.40312737219400346,0.09990132515673736,0.14114832535885166,0.9802478698683191,0.5363636363636364,0.22348484848484848,0.5606980976135854,0.8007516467942555,0.8388525258518339
logistic_regression_balanced,balanced,0.8201169117074779,0.4026617241081593,0.1799313928724677,0.7703349282296651,0.7164988381099923,0.3055028462998102,0.4375,0.7434168831698287,0.8007220334726911,0.8382234478741016
random_forest_balanced,balanced,0.8099897523895648,0.38567384813050526,0.17888630386084076,0.7583732057416268,0.6990704879938032,0.2897623400365631,0.4193121693121693,0.728721846867715,0.7890153178598117,0.829796301488373
random_forest,default,0.8083377189893965,0.3882915921577256,0.1018977201033218,0.004784688995215311,0.9992254066615027,0.5,0.009478672985781991,0.502005047828359,0.7868960102815381,0.8284737760897433
decision_tree,default,0.7668061737683409,0.3279688080540695,0.10590485654715331,0.05980861244019139,0.9872192099147947,0.43103448275862066,0.10504201680672269,0.523513911177493,0.7424434957479026,0.7912224329562766
svm_rbf,default,0.7379664701151514,0.35975337388286904,0.11031734700771922,0.08851674641148326,0.987993803253292,0.5441176470588235,0.1522633744855967,0.5382552748323877,0.7108410873357259,0.7652324178272112
majority_baseline,default,0.5,0.13933333333333334,0.13933333333333334,0.0,1.0,0.0,0.0,0.5,0.5,0.5
